info,
sampleRate, 100,
aRange, 2,
gRange, 250,
start,150,
stop,416,
ax,-0.95263671875,-0.954345703125,-0.953125,-0.95068359375,-0.95703125,-0.956787109375,-0.9541015625,-0.959716796875,-0.961669921875,-0.95751953125,-0.9609375,-0.9580078125,-0.95654296875,-0.959716796875,-0.95556640625,-0.955322265625,-0.95947265625,-0.95703125,-0.952392578125,-0.966064453125,-0.95654296875,-0.9541015625,-0.963623046875,-0.95556640625,-0.953857421875,-0.958251953125,-0.95263671875,-0.955810546875,-0.955810546875,-0.955810546875,-0.95556640625,-0.957763671875,-0.956298828125,-0.964599609375,-0.958984375,-0.95654296875,-0.958984375,-0.9580078125,-0.947265625,-0.95361328125,-0.958984375,-0.96240234375,-0.9599609375,-0.953857421875,-0.950927734375,-0.969970703125,-0.95458984375,-0.959716796875,-0.95849609375,-0.960693359375,-0.953125,-0.953857421875,-0.949951171875,-0.955078125,-0.957275390625,-0.95361328125,-0.958251953125,-0.961181640625,-0.956298828125,-0.94921875,-0.959228515625,-0.955078125,-0.955810546875,-0.958251953125,-0.959228515625,-0.958984375,-0.96142578125,-0.95703125,-0.9541015625,-0.958251953125,-0.95556640625,-0.951171875,-0.957763671875,-0.95556640625,-0.959716796875,-0.95458984375,-0.957275390625,-0.96044921875,-0.953369140625,-0.95556640625,-0.95263671875,-0.95751953125,-0.95556640625,-0.959716796875,-0.95703125,-0.951416015625,-0.962158203125,-0.95361328125,-0.9599609375,-0.964111328125,-0.956298828125,-0.95751953125,-0.9609375,-0.95361328125,-0.95458984375,-0.96337890625,-0.953369140625,-0.9482421875,-0.95849609375,-0.95703125,-0.95751953125,-0.95458984375,-0.95458984375,-0.957275390625,-0.96044921875,-0.958251953125,-0.959228515625,-0.960693359375,-0.952880859375,-0.957763671875,-0.9599609375,-0.956298828125,-0.960205078125,-0.955078125,-0.959228515625,-0.954833984375,-0.95458984375,-0.953857421875,-0.9599609375,-0.956298828125,-0.9541015625,-0.9599609375,-0.955810546875,-0.952880859375,-0.964111328125,-0.95751953125,-0.9580078125,-0.958251953125,-0.956298828125,-0.958251953125,-0.95654296875,-0.956298828125,-0.9560546875,-0.95654296875,-0.95703125,-0.956787109375,-0.953125,-0.95458984375,-0.955810546875,-0.955810546875,-0.95458984375,-0.95263671875,-0.9580078125,-0.951904296875,-0.958984375,-0.961669921875,-0.9501953125,-0.958251953125,-0.957763671875,-0.95068359375,-0.960205078125,-0.9560546875,-0.95947265625,-0.95361328125,-0.95166015625,-0.955322265625,-0.959228515625,-0.95166015625,-0.956787109375,-0.961669921875,-0.953369140625,-0.951171875,-0.960693359375,-0.957275390625,-0.95458984375,-0.950927734375,-0.9541015625,-0.957275390625,-0.95458984375,-0.954345703125,-0.947265625,-0.939453125,-0.97119140625,-0.941650390625,-0.954833984375,-0.9404296875,-0.96923828125,-0.954833984375,-0.949462890625,-0.951904296875,-0.959716796875,-0.956787109375,-0.9453125,-0.9599609375,-0.94189453125,-0.9560546875,-0.961669921875,-0.964111328125,-0.958740234375,-0.955322265625,-0.96142578125,-0.910888671875,-0.975341796875,-0.963623046875,-0.980224609375,-0.978271484375,-0.95068359375,-0.9404296875,-0.978515625,-0.96337890625,-0.9453125,-0.96435546875,-0.965087890625,-0.964111328125,-0.96044921875,-0.962890625,-0.959716796875,-0.956298828125,-0.9580078125,-0.960205078125,-0.957763671875,-0.962890625,-0.96435546875,-0.9638671875,-0.95654296875,-0.965087890625,-0.96240234375,-0.97265625,-0.9658203125,-0.9541015625,-0.9658203125,-0.958251953125,-0.961669921875,-0.960693359375,-0.9599609375,-0.960693359375,-0.96337890625,-0.958740234375,-0.96826171875,-0.955078125,-0.9541015625,-0.961669921875,-0.955810546875,-0.9658203125,-0.960205078125,-0.9658203125,-0.957763671875,-0.961669921875,-0.950927734375,-0.955322265625,-0.96142578125,-0.96044921875,-0.963134765625,-0.95166015625,-0.95458984375,-0.949951171875,-0.96435546875,-0.9462890625,-0.947998046875,-1.032958984375,-0.93505859375,-0.872802734375,-0.95556640625,-0.95263671875,-0.99365234375,-0.80859375,-1.00439453125,-0.9873046875,-0.943603515625,-0.955322265625,-0.977294921875,-0.968505859375,-0.95654296875,-0.925537109375,-0.91845703125,-0.96044921875,-0.937255859375,-0.92919921875,-0.9345703125,-0.943359375,-0.95166015625,-0.965576171875,-0.9580078125,-0.947509765625,-0.9560546875,-0.968505859375,-0.953369140625,-0.9501953125,-0.956787109375,-0.954833984375,-0.955078125,-0.9560546875,-0.95361328125,-0.957763671875,-0.96240234375,-0.958251953125,-0.956787109375,-0.952880859375,-0.95166015625,-0.962890625,-0.95166015625,-0.94775390625,-0.960205078125,-0.964111328125,-0.957275390625,-0.947998046875,-0.9580078125,-0.9541015625,-0.955078125,-0.956298828125,-0.954833984375,-0.947998046875,-0.9609375,-0.9443359375,-0.951904296875,-0.9638671875,-0.960693359375,-0.95947265625,-0.950439453125,-0.9443359375,-0.950439453125,-0.950927734375,-0.96728515625,-0.96630859375,-0.961181640625,-0.944091796875,-0.956787109375,-0.9482421875,-0.95556640625,-0.960693359375,-0.953369140625,-0.95849609375,-0.95263671875,-0.93701171875,-0.962890625,-0.95068359375,-0.946044921875,-0.962646484375,-0.958251953125,-0.942626953125,-0.95654296875,-0.953369140625,-0.95068359375,-0.953125,-0.962158203125,-0.94189453125,-0.96044921875,-0.949951171875,-0.96142578125,-0.951416015625,-0.957763671875,-0.951416015625,-0.951416015625,-0.95654296875,-0.95263671875,-0.964599609375,-0.9521484375,-0.946044921875,-0.96142578125,-0.955810546875,-0.95166015625,-0.964111328125,-0.946533203125,-0.951171875,-0.96826171875,-0.959716796875,-0.953369140625,-0.95849609375,-0.955078125,-0.953125,-0.95947265625,-0.960205078125,-0.9599609375,-0.95556640625,-0.953125,-0.958984375,-0.96142578125,-0.956298828125,-0.959228515625,-0.960693359375,-0.9521484375,-0.957763671875,-0.958740234375,-0.953369140625,-0.96240234375,-0.956787109375,-0.955810546875,-0.95751953125,-0.9599609375,-0.9599609375,-0.94970703125,-0.953857421875,-0.957763671875,-0.9599609375,-0.9638671875,-0.95263671875,-0.95751953125,-0.95849609375,-0.960693359375,-0.956787109375,-0.954833984375,-0.956787109375,-0.95849609375,-0.95556640625,-0.95703125,-0.958251953125,-0.957275390625,-0.95556640625,-0.966552734375,-0.95751953125,-0.955810546875,-0.96142578125,-0.9541015625,-0.959716796875,-0.957763671875,-0.954345703125,-0.953369140625,-0.954345703125,-0.95556640625,-0.9580078125,-0.965576171875,-0.962158203125,-0.958740234375,-0.955810546875,-0.95703125,-0.9609375,-0.95458984375,-0.950439453125,-0.955810546875,-0.9541015625,-0.953857421875,-0.962646484375,-0.955810546875,-0.955322265625,-0.956298828125,-0.95849609375,-0.95703125,-0.95703125,-0.959716796875,-0.95361328125,-0.956298828125,-0.960693359375,-0.95703125,-0.953857421875,-0.95751953125,-0.955078125,-0.956298828125,-0.950439453125,-0.95703125,-0.957763671875,-0.952880859375,-0.957275390625,-0.9580078125,-0.952392578125,-0.957763671875,-0.95556640625,-0.95556640625,-0.960693359375,-0.954833984375,-0.954833984375,-0.96435546875,-0.959716796875,-0.95556640625,-0.957275390625,-0.9560546875,-0.95849609375,-0.9580078125,-0.957275390625,-0.954345703125,-0.95654296875,-0.95263671875,-0.956787109375,-0.951171875,-0.955810546875,-0.960205078125,-0.95703125,-0.951904296875,-0.960205078125,-0.961669921875,-0.953369140625,-0.957763671875,-0.960205078125,-0.9560546875,-0.96044921875,-0.962890625,-0.95458984375,-0.957275390625,-0.959228515625,-0.957763671875,-0.957763671875,-0.958740234375,-0.953857421875,-0.960205078125,-0.9521484375,-0.95361328125,-0.955810546875,-0.955322265625,-0.953857421875,-0.9560546875,-0.95458984375,-0.953857421875,-0.953857421875,-0.955078125,-0.961181640625,-0.962890625,-0.952880859375,-0.953125,-0.95751953125,-0.9521484375,-0.951904296875,-0.953125,-0.95654296875,-0.9619140625,-0.957763671875,-0.95458984375,-0.958984375,-0.961181640625,-0.95703125,-0.955078125,-0.9541015625,-0.954833984375,-0.953125,-0.9599609375,-0.958251953125,-0.958251953125,-0.951904296875,-0.955078125,-0.958984375,-0.952392578125,-0.95556640625,-0.9580078125,-0.951904296875,-0.955810546875,-0.960693359375,-0.9560546875,-0.9521484375,-0.955810546875,-0.951416015625,-0.95654296875,-0.9677734375,-0.954833984375,-0.954345703125,-0.9541015625,-0.95068359375,-0.955078125,-0.9560546875,-0.951171875,-0.960693359375,-0.957275390625,-0.9541015625,-0.959228515625,-0.960205078125,-0.960205078125,-0.95947265625,-0.95947265625,-0.9541015625,-0.95458984375,-0.955810546875,-0.950927734375,-0.95947265625,-0.9580078125,-0.9580078125,-0.958740234375,-0.96142578125,-0.952880859375,-0.9560546875,-0.9609375,-0.958984375,-0.961181640625,-0.95654296875,-0.9541015625,-0.959716796875,-0.952392578125,-0.957763671875,-0.9560546875,-0.954833984375,
ay,-0.003662109375,-0.002685546875,-0.007080078125,-0.004638671875,-0.00244140625,-0.014404296875,-0.006591796875,-0.00537109375,-0.0087890625,-0.0078125,-0.007080078125,-0.0078125,-0.008544921875,-0.005615234375,-0.012451171875,-0.010986328125,-0.0009765625,-0.005126953125,-0.006103515625,-0.008544921875,-0.00732421875,-0.007080078125,-0.002197265625,-0.009033203125,-0.0029296875,-0.011474609375,-0.0068359375,-0.002685546875,-0.00634765625,-0.0087890625,-0.001220703125,-0.006103515625,-0.0068359375,-0.007568359375,-0.010498046875,-0.006103515625,-0.00537109375,-0.006103515625,-0.01220703125,-0.00146484375,-0.008544921875,-0.007080078125,-0.00537109375,-0.00146484375,-0.01025390625,0.0048828125,-0.0087890625,-0.01220703125,-0.005859375,-0.00634765625,-0.009033203125,-0.00732421875,-0.00341796875,-0.011474609375,-0.00732421875,-0.001220703125,-0.00439453125,-0.006103515625,-0.0087890625,-0.0087890625,-0.00732421875,-0.003662109375,-0.006103515625,-0.010009765625,-0.00537109375,0.0009765625,-0.007568359375,0.0009765625,-0.0068359375,-0.006103515625,-0.0078125,-0.0029296875,-0.012939453125,-0.0029296875,-0.005859375,-0.0087890625,-0.007568359375,-0.008544921875,-0.00830078125,-0.0107421875,-0.003173828125,-0.007080078125,-0.009033203125,-0.00341796875,-0.005126953125,-0.005859375,-0.002685546875,-0.00390625,-0.0048828125,-0.011474609375,-0.008544921875,-0.008056640625,-0.00634765625,-0.003662109375,-0.00732421875,-0.00537109375,-0.008056640625,-0.010009765625,-0.00537109375,-0.006591796875,-0.012451171875,-0.006103515625,-0.00537109375,-0.00537109375,-0.011474609375,-0.01220703125,-0.00830078125,-0.007080078125,-0.005126953125,-0.009033203125,0.000244140625,-0.0087890625,-0.006103515625,-0.009033203125,-0.009765625,-0.005859375,-0.007080078125,-0.009765625,-0.007080078125,-0.002197265625,0.000732421875,-0.010009765625,-0.002685546875,-0.0107421875,-0.00732421875,-0.002685546875,-0.008544921875,-0.005126953125,-0.0078125,-0.005615234375,-0.002685546875,-0.001953125,-0.002685546875,-0.00732421875,0.0,-0.004150390625,-0.000732421875,-0.00927734375,-0.0087890625,-0.0068359375,-0.004638671875,-0.007080078125,-0.012451171875,-0.00732421875,-0.00146484375,-0.008056640625,-0.0078125,-0.00244140625,-0.0087890625,-0.00341796875,-0.0087890625,-0.011474609375,-0.005615234375,-0.009033203125,-0.000244140625,-0.009765625,-0.004638671875,-0.006103515625,-0.004638671875,-0.0009765625,-0.00732421875,-0.009033203125,-0.00537109375,-0.00537109375,-0.005615234375,-0.00537109375,-0.010498046875,-0.00244140625,-0.0078125,-0.00634765625,-0.007568359375,-0.037353515625,0.023193359375,-0.058349609375,-0.026123046875,-0.01904296875,-0.02099609375,-0.00439453125,-0.0234375,-0.004150390625,-0.010498046875,0.001708984375,-0.006591796875,-0.000732421875,-0.026611328125,-0.005126953125,-0.00048828125,-0.00048828125,-0.015380859375,0.00390625,-0.019287109375,-0.082763671875,0.118896484375,0.016357421875,-0.02099609375,0.00537109375,0.02490234375,-0.015380859375,-0.0390625,-0.01171875,-0.016357421875,-0.001953125,-0.00341796875,-0.016357421875,-0.021240234375,-0.01611328125,-0.00390625,-0.0107421875,-0.03515625,-0.01416015625,-0.009521484375,-0.012451171875,-0.009765625,-0.020263671875,-0.019287109375,-0.021484375,-0.025146484375,-0.025634765625,-0.026123046875,-0.04248046875,-0.033447265625,-0.03662109375,-0.048583984375,-0.04541015625,-0.0419921875,-0.048583984375,-0.052001953125,-0.058837890625,-0.049560546875,-0.0751953125,-0.057861328125,-0.056884765625,-0.06396484375,-0.064453125,-0.066162109375,-0.07373046875,-0.071044921875,-0.072265625,-0.08056640625,-0.06494140625,-0.068603515625,-0.082275390625,-0.069091796875,-0.0673828125,-0.071044921875,-0.056640625,-0.066650390625,-0.105712890625,-0.087890625,-0.158447265625,0.143798828125,-0.128173828125,-0.0078125,-0.010498046875,-0.03857421875,-0.2509765625,0.128173828125,-0.0966796875,-0.102783203125,-0.009033203125,-0.04345703125,-0.19873046875,-0.16162109375,-0.0654296875,-0.028076171875,-0.15087890625,-0.1083984375,-0.07275390625,-0.062744140625,-0.0751953125,-0.0458984375,-0.013671875,-0.03125,-0.066650390625,-0.07568359375,-0.01123046875,-0.07861328125,-0.050048828125,-0.03466796875,-0.064453125,-0.04541015625,-0.050048828125,-0.06591796875,-0.048095703125,-0.042724609375,-0.03466796875,-0.0068359375,-0.07080078125,-0.060302734375,-0.0283203125,-0.05908203125,-0.033203125,-0.038330078125,-0.049072265625,-0.031005859375,-0.0595703125,-0.03466796875,-0.047119140625,-0.044189453125,-0.01171875,-0.0498046875,-0.050048828125,-0.01611328125,-0.029541015625,-0.02587890625,-0.038818359375,-0.014404296875,0.011474609375,-0.0341796875,-0.076416015625,-0.040283203125,-0.00927734375,-0.015869140625,-0.0283203125,-0.041015625,-0.009033203125,-0.00439453125,-0.042236328125,-0.017578125,-0.000732421875,-0.04248046875,-0.014892578125,-0.01708984375,-0.03369140625,-0.0126953125,-0.010009765625,-0.015869140625,-0.0009765625,-0.00927734375,-0.01318359375,-0.01513671875,0.0048828125,-0.010498046875,-0.018798828125,-0.0068359375,-0.011962890625,-0.003173828125,-0.013916015625,-0.009521484375,-0.005859375,-0.004150390625,-0.012451171875,-0.019775390625,-0.0087890625,-0.01123046875,-0.001953125,-0.003173828125,-0.02978515625,0.00439453125,0.008544921875,-0.017333984375,-0.004638671875,-0.0166015625,-0.0166015625,0.000244140625,-0.016357421875,-0.010498046875,0.00732421875,-0.012939453125,-0.009765625,-0.000732421875,-0.01025390625,0.0009765625,-0.00634765625,-0.005859375,-0.012451171875,-0.00634765625,-0.005126953125,-0.010498046875,-0.008544921875,-0.008056640625,-0.00634765625,-0.00537109375,-0.008056640625,0.0,-0.013671875,-0.00439453125,-0.00537109375,-0.012451171875,-0.00341796875,-0.0087890625,-0.00634765625,-0.009521484375,-0.011474609375,-0.004150390625,-0.006591796875,-0.0078125,-0.013427734375,-0.0048828125,-0.014892578125,-0.006103515625,-0.009521484375,-0.009765625,-0.005859375,-0.0048828125,0.00048828125,-0.00732421875,-0.0029296875,-0.00341796875,-0.00830078125,-0.005859375,-0.008056640625,-0.005615234375,-0.0126953125,-0.011474609375,-0.0068359375,-0.012451171875,-0.004638671875,-0.007080078125,-0.006103515625,-0.0048828125,-0.01025390625,-0.0146484375,-0.00634765625,-0.010986328125,-0.009765625,-0.004150390625,-0.0087890625,-0.01416015625,-0.017333984375,-0.007568359375,-0.010498046875,-0.01171875,-0.003662109375,-0.00048828125,-0.005615234375,-0.00830078125,0.0,-0.008544921875,-0.008056640625,-0.010009765625,-0.006103515625,-0.006103515625,-0.01123046875,-0.009521484375,-0.015625,-0.0078125,-0.009765625,-0.005615234375,-0.007080078125,-0.001953125,-0.00732421875,-0.00732421875,-0.005126953125,-0.0048828125,-0.009521484375,-0.003662109375,0.001708984375,-0.006103515625,-0.006591796875,-0.005859375,-0.00390625,-0.0087890625,-0.0126953125,-0.003662109375,-0.00537109375,-0.00732421875,-0.006591796875,-0.006591796875,-0.010009765625,0.0,-0.003173828125,-0.00830078125,-0.001953125,-0.006103515625,-0.011474609375,-0.007080078125,-0.003173828125,-0.00439453125,-0.005126953125,-0.006591796875,-0.0078125,-0.01123046875,-0.013427734375,-0.002197265625,-0.00927734375,-0.006103515625,-0.00634765625,-0.00439453125,-0.011962890625,-0.008056640625,-0.00732421875,-0.00537109375,-0.003662109375,-0.000732421875,-0.00634765625,-0.010498046875,-0.00390625,-0.010009765625,-0.010009765625,-0.008056640625,-0.0078125,-0.01025390625,-0.000244140625,-0.0068359375,-0.009765625,-0.005615234375,-0.00146484375,-0.008056640625,-0.0087890625,-0.009521484375,-0.004638671875,-0.003662109375,-0.00634765625,-0.005126953125,-0.0078125,-0.004638671875,-0.01220703125,-0.007568359375,-0.006103515625,-0.0107421875,-0.007568359375,-0.00732421875,0.00048828125,-0.0068359375,-0.007080078125,-0.007080078125,-0.00830078125,-0.00830078125,-0.01025390625,-0.009033203125,-0.005859375,-0.011474609375,-0.007568359375,-0.007568359375,-0.00830078125,-0.0126953125,-0.00830078125,-0.013671875,-0.009521484375,-0.00341796875,-0.01220703125,-0.007568359375,0.0,-0.00634765625,-0.009521484375,-0.004638671875,-0.014404296875,-0.00390625,-0.006103515625,-0.00537109375,-0.00244140625,-0.001220703125,-0.0078125,-0.010498046875,-0.004638671875,-0.00146484375,-0.003662109375,-0.010009765625,-0.012939453125,-0.0068359375,-0.006103515625,-0.015380859375,-0.009521484375,-0.0078125,-0.0087890625,-0.00537109375,-0.011474609375,-0.0126953125,-0.0078125,-0.0068359375,-0.009033203125,-0.006103515625,-0.001953125,-0.01123046875,-0.01171875,
az,-0.174560546875,-0.18359375,-0.17431640625,-0.1669921875,-0.174560546875,-0.173095703125,-0.172607421875,-0.1767578125,-0.175537109375,-0.16845703125,-0.175537109375,-0.180419921875,-0.177001953125,-0.18359375,-0.176513671875,-0.177001953125,-0.18212890625,-0.174560546875,-0.1728515625,-0.173828125,-0.17626953125,-0.1787109375,-0.170654296875,-0.185546875,-0.181884765625,-0.177978515625,-0.176513671875,-0.171142578125,-0.175537109375,-0.1748046875,-0.174560546875,-0.172119140625,-0.17333984375,-0.171142578125,-0.177490234375,-0.16650390625,-0.184326171875,-0.170166015625,-0.177490234375,-0.170166015625,-0.18115234375,-0.179443359375,-0.186767578125,-0.16357421875,-0.166748046875,-0.187744140625,-0.171142578125,-0.17333984375,-0.178955078125,-0.17626953125,-0.1708984375,-0.16845703125,-0.168701171875,-0.173095703125,-0.171875,-0.169189453125,-0.17529296875,-0.178466796875,-0.167236328125,-0.178466796875,-0.17333984375,-0.176513671875,-0.175537109375,-0.180419921875,-0.17626953125,-0.175537109375,-0.17333984375,-0.1650390625,-0.18408203125,-0.179931640625,-0.17919921875,-0.17626953125,-0.169677734375,-0.173583984375,-0.185546875,-0.1796875,-0.172119140625,-0.180908203125,-0.165771484375,-0.172607421875,-0.18505859375,-0.18310546875,-0.174560546875,-0.1806640625,-0.17626953125,-0.173583984375,-0.169189453125,-0.18408203125,-0.171630859375,-0.184326171875,-0.16455078125,-0.17578125,-0.1748046875,-0.171142578125,-0.17529296875,-0.176513671875,-0.1826171875,-0.1689453125,-0.17919921875,-0.170166015625,-0.16845703125,-0.17822265625,-0.179443359375,-0.171630859375,-0.169921875,-0.170654296875,-0.176513671875,-0.176513671875,-0.179443359375,-0.17041015625,-0.17333984375,-0.180419921875,-0.171875,-0.17529296875,-0.17919921875,-0.169677734375,-0.17333984375,-0.17822265625,-0.17626953125,-0.183349609375,-0.17529296875,-0.173828125,-0.171630859375,-0.1689453125,-0.173583984375,-0.182861328125,-0.1728515625,-0.17724609375,-0.185302734375,-0.17041015625,-0.17529296875,-0.18115234375,-0.17431640625,-0.171630859375,-0.176513671875,-0.18212890625,-0.168701171875,-0.16943359375,-0.17724609375,-0.18359375,-0.177490234375,-0.168701171875,-0.185546875,-0.178466796875,-0.174560546875,-0.1748046875,-0.17626953125,-0.184326171875,-0.1767578125,-0.16943359375,-0.185791015625,-0.171630859375,-0.1728515625,-0.175048828125,-0.170166015625,-0.171142578125,-0.17138671875,-0.17822265625,-0.184814453125,-0.169921875,-0.163330078125,-0.178466796875,-0.167236328125,-0.176513671875,-0.17724609375,-0.1806640625,-0.17822265625,-0.170166015625,-0.172607421875,-0.17333984375,-0.204833984375,-0.13623046875,-0.382568359375,-0.017822265625,-0.236083984375,-0.26220703125,0.013916015625,-0.238037109375,-0.17626953125,-0.266845703125,-0.13134765625,-0.135009765625,-0.20556640625,-0.129150390625,-0.4140625,-0.105224609375,-0.116943359375,-0.013916015625,-0.17236328125,-0.206787109375,-0.193359375,-0.173095703125,-0.25048828125,-0.0947265625,0.318359375,0.1005859375,-0.305908203125,-0.1884765625,0.1142578125,-0.18408203125,-0.10498046875,0.01318359375,-0.043701171875,-0.034912109375,-0.069091796875,-0.09716796875,-0.1689453125,-0.14990234375,-0.125,-0.140625,-0.0888671875,-0.041748046875,-0.04443359375,-0.0625,-0.05908203125,-0.02197265625,-0.009521484375,-0.0068359375,-0.002197265625,-0.03076171875,-0.062255859375,-0.049072265625,-0.02490234375,-0.052978515625,-0.0556640625,-0.054443359375,-0.071533203125,-0.068359375,-0.0771484375,-0.08642578125,-0.09521484375,-0.107666015625,-0.0927734375,-0.13232421875,-0.109130859375,-0.154052734375,-0.1181640625,-0.130615234375,-0.164794921875,-0.171142578125,-0.19189453125,-0.17236328125,-0.18115234375,-0.226318359375,-0.2138671875,-0.193603515625,-0.184814453125,-0.220947265625,-0.21484375,-0.30419921875,-0.433349609375,-0.09326171875,-0.020263671875,-0.1376953125,-0.054931640625,-0.402587890625,-0.253173828125,-0.260009765625,-0.24951171875,-0.290283203125,-0.02880859375,-0.173095703125,-0.0654296875,-0.38134765625,-0.2275390625,-0.10595703125,-0.2001953125,-0.3310546875,-0.137451171875,-0.146484375,-0.20947265625,-0.117431640625,-0.206787109375,-0.126708984375,-0.26171875,-0.22802734375,-0.151611328125,-0.181884765625,-0.2255859375,-0.181640625,-0.191650390625,-0.20849609375,-0.17138671875,-0.232666015625,-0.17236328125,-0.240234375,-0.26220703125,-0.164306640625,-0.172119140625,-0.227294921875,-0.173583984375,-0.299560546875,-0.16015625,-0.205078125,-0.172119140625,-0.182861328125,-0.29443359375,-0.267333984375,-0.1767578125,-0.338134765625,-0.167236328125,-0.245361328125,-0.21435546875,-0.318359375,-0.329833984375,-0.121337890625,0.0068359375,-0.29833984375,-0.293701171875,-0.322265625,-0.2470703125,-0.27783203125,-0.088623046875,-0.20068359375,-0.18505859375,-0.409912109375,-0.29931640625,-0.254150390625,-0.25390625,-0.22998046875,-0.123291015625,-0.2294921875,-0.41650390625,-0.335693359375,-0.18359375,-0.26318359375,-0.2626953125,-0.203125,-0.285400390625,-0.35888671875,-0.2080078125,-0.291015625,-0.284912109375,-0.22265625,-0.19091796875,-0.324462890625,-0.2392578125,-0.236328125,-0.171630859375,-0.281982421875,-0.21484375,-0.20068359375,-0.203369140625,-0.25244140625,-0.13134765625,-0.149658203125,-0.27880859375,-0.197509765625,-0.1552734375,-0.167724609375,-0.20263671875,-0.134521484375,-0.244140625,-0.197509765625,-0.180419921875,-0.11083984375,-0.186279296875,-0.1748046875,-0.20947265625,-0.1962890625,-0.2001953125,-0.133056640625,-0.1376953125,-0.202392578125,-0.201416015625,-0.194580078125,-0.17822265625,-0.148681640625,-0.137451171875,-0.172607421875,-0.201416015625,-0.19580078125,-0.1689453125,-0.164306640625,-0.154296875,-0.17333984375,-0.196044921875,-0.182373046875,-0.171875,-0.1728515625,-0.172607421875,-0.1748046875,-0.18505859375,-0.169189453125,-0.16455078125,-0.17236328125,-0.188232421875,-0.17529296875,-0.183349609375,-0.17041015625,-0.170654296875,-0.17578125,-0.182861328125,-0.17333984375,-0.1650390625,-0.175048828125,-0.16943359375,-0.186279296875,-0.179931640625,-0.16943359375,-0.16943359375,-0.173583984375,-0.175537109375,-0.176513671875,-0.172119140625,-0.1748046875,-0.1748046875,-0.177001953125,-0.177978515625,-0.179931640625,-0.17529296875,-0.176513671875,-0.177001953125,-0.175048828125,-0.168212890625,-0.17333984375,-0.173828125,-0.17333984375,-0.18603515625,-0.181640625,-0.17578125,-0.17431640625,-0.171875,-0.175048828125,-0.17529296875,-0.177978515625,-0.169189453125,-0.18115234375,-0.17919921875,-0.180908203125,-0.18603515625,-0.172119140625,-0.175048828125,-0.17333984375,-0.189208984375,-0.171142578125,-0.17724609375,-0.17724609375,-0.1787109375,-0.173583984375,-0.175537109375,-0.172607421875,-0.175537109375,-0.17919921875,-0.18115234375,-0.17919921875,-0.17724609375,-0.177490234375,-0.18115234375,-0.17431640625,-0.17431640625,-0.17529296875,-0.171630859375,-0.1767578125,-0.179443359375,-0.18359375,-0.168701171875,-0.168701171875,-0.18310546875,-0.180419921875,-0.164794921875,-0.167724609375,-0.1826171875,-0.1708984375,-0.1748046875,-0.183837890625,-0.181640625,-0.178955078125,-0.17626953125,-0.169921875,-0.174072265625,-0.1728515625,-0.182861328125,-0.171142578125,-0.181884765625,-0.1796875,-0.16650390625,-0.173828125,-0.16845703125,-0.170654296875,-0.165771484375,-0.1875,-0.173095703125,-0.178466796875,-0.16943359375,-0.18505859375,-0.17626953125,-0.175537109375,-0.169677734375,-0.178955078125,-0.1826171875,-0.171875,-0.1708984375,-0.172607421875,-0.1806640625,-0.176025390625,-0.175537109375,-0.17431640625,-0.17041015625,-0.175537109375,-0.173583984375,-0.171142578125,-0.1669921875,-0.170654296875,-0.17578125,-0.170654296875,-0.174072265625,-0.17626953125,-0.181640625,-0.177490234375,-0.177734375,-0.17919921875,-0.1787109375,-0.174072265625,-0.1796875,-0.18212890625,-0.177978515625,-0.17333984375,-0.1728515625,-0.1826171875,-0.171630859375,-0.176513671875,-0.17529296875,-0.1787109375,-0.1689453125,-0.177490234375,-0.174560546875,-0.184326171875,-0.1806640625,-0.17822265625,-0.173828125,-0.17578125,-0.172607421875,-0.179931640625,-0.178955078125,-0.16357421875,-0.17919921875,-0.17529296875,-0.17919921875,-0.17919921875,-0.171142578125,-0.175537109375,-0.18017578125,-0.182861328125,-0.17333984375,-0.182861328125,-0.172607421875,-0.179443359375,-0.166259765625,-0.17822265625,-0.174560546875,-0.173095703125,-0.1748046875,-0.18212890625,-0.175537109375,-0.17431640625,-0.168212890625,-0.17724609375,-0.16796875,-0.18798828125,-0.18017578125,-0.1748046875,-0.181396484375,-0.1796875,-0.173828125,-0.16796875,
gx,-3.173828125,-3.25775146484375,-3.2196044921875,-3.2196044921875,-3.204345703125,-3.28826904296875,-3.36456298828125,-3.19671630859375,-3.1890869140625,-3.2196044921875,-3.3416748046875,-3.265380859375,-3.326416015625,-3.2806396484375,-3.4332275390625,-3.28826904296875,-3.387451171875,-3.23486328125,-3.25775146484375,-3.1280517578125,-3.3416748046875,-3.2806396484375,-3.25775146484375,-3.34930419921875,-3.25775146484375,-3.31878662109375,-3.4027099609375,-3.3721923828125,-3.3416748046875,-3.27301025390625,-3.2806396484375,-3.11279296875,-3.3111572265625,-3.25775146484375,-3.39508056640625,-3.3721923828125,-3.265380859375,-3.19671630859375,-3.07464599609375,-3.33404541015625,-3.36456298828125,-3.3721923828125,-3.2501220703125,-3.23486328125,-3.16619873046875,-3.2806396484375,-3.34930419921875,-3.35693359375,-3.33404541015625,-3.22723388671875,-3.16619873046875,-3.2958984375,-3.33404541015625,-3.28826904296875,-3.265380859375,-3.35693359375,-3.448486328125,-3.33404541015625,-3.23486328125,-3.11279296875,-3.24249267578125,-3.10516357421875,-3.2196044921875,-3.24249267578125,-3.24249267578125,-3.44085693359375,-3.31878662109375,-3.39508056640625,-3.2501220703125,-3.3111572265625,-3.4332275390625,-3.1890869140625,-3.387451171875,-3.173828125,-3.2806396484375,-3.2958984375,-3.31878662109375,-3.18145751953125,-3.3416748046875,-3.27301025390625,-3.27301025390625,-3.18145751953125,-3.204345703125,-3.24249267578125,-3.34930419921875,-3.27301025390625,-3.387451171875,-3.11279296875,-3.3416748046875,-3.18145751953125,-3.15093994140625,-3.173828125,-3.22723388671875,-3.30352783203125,-3.0670166015625,-3.265380859375,-3.34930419921875,-3.2958984375,-3.3416748046875,-3.2806396484375,-3.1890869140625,-3.31878662109375,-3.2196044921875,-3.2806396484375,-3.25775146484375,-3.24249267578125,-3.2806396484375,-3.2196044921875,-3.2806396484375,-3.4027099609375,-3.27301025390625,-3.2501220703125,-3.1890869140625,-3.2196044921875,-3.3111572265625,-3.12042236328125,-3.3721923828125,-3.24249267578125,-3.173828125,-3.204345703125,-3.2958984375,-3.37982177734375,-3.3721923828125,-3.2958984375,-3.16619873046875,-3.1890869140625,-3.25775146484375,-3.2501220703125,-3.25775146484375,-3.24249267578125,-3.23486328125,-3.12042236328125,-3.21197509765625,-3.265380859375,-3.2196044921875,-3.19671630859375,-3.08990478515625,-3.3111572265625,-3.23486328125,-3.4027099609375,-3.24249267578125,-3.4027099609375,-3.39508056640625,-3.387451171875,-3.30352783203125,-3.3111572265625,-3.326416015625,-3.4332275390625,-3.265380859375,-3.265380859375,-3.44085693359375,-3.31878662109375,-3.265380859375,-3.34930419921875,-3.23486328125,-3.48663330078125,-3.28826904296875,-3.265380859375,-3.1890869140625,-3.21197509765625,-3.0975341796875,-3.21197509765625,-3.18145751953125,-3.19671630859375,-3.265380859375,-3.31878662109375,-3.2958984375,-3.21197509765625,-3.19671630859375,-3.30352783203125,-3.27301025390625,-3.37982177734375,-3.77655029296875,-3.62396240234375,-3.02886962890625,-3.56292724609375,-3.4027099609375,-2.79998779296875,-3.16619873046875,-3.31878662109375,-3.021240234375,-1.97601318359375,-1.5716552734375,-1.77764892578125,-3.0059814453125,-3.875732421875,-2.838134765625,-2.655029296875,-2.34222412109375,-2.7008056640625,-0.9765625,0.54931640625,1.80816650390625,3.99017333984375,6.0272216796875,7.75909423828125,9.063720703125,11.13128662109375,13.71002197265625,15.80047607421875,17.73834228515625,19.83642578125,21.76666259765625,23.223876953125,24.22332763671875,25.5279541015625,26.02386474609375,26.58843994140625,26.9317626953125,27.7099609375,28.81622314453125,30.1971435546875,32.3638916015625,34.37042236328125,36.27777099609375,38.63525390625,40.91644287109375,43.02215576171875,45.47119140625,47.9888916015625,50.384521484375,52.3681640625,54.534912109375,56.75506591796875,58.57086181640625,60.61553955078125,62.18719482421875,64.04876708984375,65.338134765625,66.71905517578125,67.92449951171875,69.2596435546875,70.01495361328125,71.14410400390625,71.95281982421875,72.601318359375,72.99041748046875,73.50921630859375,73.54736328125,73.91357421875,73.73809814453125,73.84490966796875,73.78387451171875,73.30322265625,72.57080078125,72.174072265625,71.54083251953125,71.02203369140625,70.59478759765625,70.56427001953125,69.8394775390625,68.96209716796875,68.27545166015625,68.04656982421875,67.71087646484375,66.5130615234375,66.71905517578125,66.864013671875,66.162109375,65.5670166015625,65.216064453125,64.23187255859375,64.6209716796875,63.7969970703125,63.02642822265625,62.98065185546875,62.78228759765625,62.31689453125,62.11090087890625,61.492919921875,61.5234375,61.33270263671875,61.1419677734375,60.9893798828125,60.455322265625,60.0433349609375,59.68475341796875,59.5703125,59.45587158203125,58.99810791015625,58.64715576171875,58.44879150390625,57.830810546875,57.4493408203125,56.95343017578125,55.7403564453125,55.2825927734375,54.20684814453125,54.0618896484375,53.9093017578125,53.22265625,52.3223876953125,52.1240234375,51.21612548828125,51.5594482421875,50.262451171875,49.61395263671875,48.17962646484375,46.7987060546875,45.79925537109375,45.22705078125,43.8995361328125,43.28155517578125,41.9921875,40.59600830078125,39.794921875,40.2374267578125,40.00091552734375,39.68048095703125,37.7044677734375,36.651611328125,35.186767578125,35.430908203125,34.7900390625,33.8592529296875,32.28759765625,30.32684326171875,28.98406982421875,27.36663818359375,26.7486572265625,25.71868896484375,24.90234375,22.5830078125,20.30181884765625,19.08111572265625,17.69256591796875,16.57867431640625,15.22064208984375,14.06097412109375,11.80267333984375,10.6201171875,8.758544921875,7.6904296875,6.3629150390625,5.63812255859375,4.0740966796875,3.0364990234375,2.06756591796875,1.3885498046875,0.43487548828125,-0.518798828125,-0.54931640625,-1.48773193359375,-1.91497802734375,-2.3193359375,-2.1514892578125,-3.05938720703125,-3.21197509765625,-3.76129150390625,-3.3416748046875,-3.60107421875,-3.3721923828125,-3.79180908203125,-4.2877197265625,-4.364013671875,-3.8909912109375,-3.7841796875,-3.84521484375,-4.0283203125,-4.1046142578125,-4.34112548828125,-3.997802734375,-3.66973876953125,-3.76129150390625,-3.692626953125,-3.9520263671875,-3.875732421875,-3.8909912109375,-3.7078857421875,-3.4942626953125,-3.33404541015625,-3.3721923828125,-3.37982177734375,-3.4637451171875,-3.21197509765625,-2.98309326171875,-3.1585693359375,-3.3111572265625,-3.13568115234375,-3.082275390625,-3.22723388671875,-3.21197509765625,-3.15093994140625,-3.16619873046875,-3.25775146484375,-3.18145751953125,-3.08990478515625,-3.27301025390625,-3.4637451171875,-3.21197509765625,-3.3721923828125,-3.34930419921875,-3.34930419921875,-3.3111572265625,-3.37982177734375,-3.21197509765625,-3.204345703125,-3.326416015625,-3.0975341796875,-3.3416748046875,-3.2958984375,-3.2501220703125,-3.2806396484375,-3.1585693359375,-3.28826904296875,-3.33404541015625,-3.2501220703125,-3.47137451171875,-3.2501220703125,-3.41796875,-3.25775146484375,-3.35693359375,-3.27301025390625,-3.2958984375,-3.31878662109375,-3.143310546875,-3.143310546875,-3.2501220703125,-3.42559814453125,-3.204345703125,-3.2501220703125,-3.37982177734375,-3.2806396484375,-3.4027099609375,-3.3416748046875,-3.3111572265625,-3.2958984375,-3.33404541015625,-3.18145751953125,-3.27301025390625,-3.326416015625,-3.3111572265625,-3.16619873046875,-3.1585693359375,-3.16619873046875,-3.36456298828125,-3.2501220703125,-3.24249267578125,-3.15093994140625,-3.41796875,-3.16619873046875,-3.36456298828125,-3.1585693359375,-3.31878662109375,-3.37982177734375,-3.265380859375,-3.143310546875,-3.2806396484375,-3.2196044921875,-3.448486328125,-3.25775146484375,-3.2196044921875,-3.07464599609375,-3.19671630859375,-3.1890869140625,-3.1890869140625,-3.36456298828125,-3.31878662109375,-3.1585693359375,-3.265380859375,-3.11279296875,-3.18145751953125,-3.2196044921875,-3.265380859375,-3.33404541015625,-3.0975341796875,-3.2958984375,-3.3416748046875,-3.173828125,-3.326416015625,-3.24249267578125,-3.2806396484375,-3.35693359375,-3.34930419921875,-3.19671630859375,-3.448486328125,-3.2196044921875,-3.2958984375,-3.11279296875,-3.22723388671875,-3.24249267578125,-3.22723388671875,-3.204345703125,-3.27301025390625,-3.265380859375,-3.31878662109375,-3.25775146484375,-3.31878662109375,-3.2806396484375,-3.173828125,-3.34930419921875,-3.11279296875,-3.28826904296875,-3.25775146484375,-3.2501220703125,-3.05938720703125,-3.2501220703125,-3.2806396484375,-3.143310546875,-3.12042236328125,-3.2196044921875,-3.21197509765625,-3.27301025390625,-3.23486328125,-3.3416748046875,-3.27301025390625,-3.13568115234375,-3.36456298828125,-3.3416748046875,-3.30352783203125,-3.204345703125,-3.4027099609375,-3.39508056640625,-3.31878662109375,-3.143310546875,-3.204345703125,-3.24249267578125,-3.33404541015625,-3.265380859375,-3.33404541015625,-3.30352783203125,-3.2958984375,-3.2196044921875,-3.2501220703125,-3.21197509765625,-3.3111572265625,-3.31878662109375,-3.16619873046875,-3.24249267578125,-3.204345703125,-3.13568115234375,-3.2196044921875,-3.1890869140625,-3.173828125,-3.28826904296875,-3.15093994140625,-3.204345703125,-3.2501220703125,-3.27301025390625,-3.16619873046875,-3.326416015625,-3.2196044921875,-3.36456298828125,-3.326416015625,-3.21197509765625,-3.25775146484375,-3.33404541015625,-3.30352783203125,-3.265380859375,-3.24249267578125,-3.21197509765625,-3.326416015625,-3.33404541015625,-3.28826904296875,-3.2958984375,-3.1585693359375,-3.2958984375,-3.18145751953125,-3.30352783203125,-3.16619873046875,-3.18145751953125,-3.44085693359375,-3.1585693359375,-3.23486328125,-3.27301025390625,-3.23486328125,
gy,1.7852783203125,1.83868408203125,1.7852783203125,1.89971923828125,1.9378662109375,1.861572265625,1.77764892578125,1.8310546875,1.7852783203125,1.76239013671875,1.89971923828125,1.80816650390625,1.77764892578125,1.8310546875,1.8310546875,1.6937255859375,1.85394287109375,1.80816650390625,1.7547607421875,1.9073486328125,1.68609619140625,1.9378662109375,1.86920166015625,1.73187255859375,1.8157958984375,1.8310546875,1.8768310546875,1.7547607421875,1.8310546875,1.8463134765625,1.77764892578125,1.77764892578125,1.67083740234375,2.0294189453125,1.86920166015625,1.8463134765625,1.88446044921875,1.86920166015625,1.8463134765625,1.83868408203125,1.8310546875,1.71661376953125,1.83868408203125,1.91497802734375,1.7547607421875,1.83868408203125,1.83868408203125,1.80816650390625,1.77001953125,1.70135498046875,1.77764892578125,1.9683837890625,1.93023681640625,1.82342529296875,1.93023681640625,1.64031982421875,1.77764892578125,1.861572265625,1.88446044921875,1.6937255859375,1.861572265625,1.89971923828125,1.85394287109375,1.83868408203125,1.9073486328125,1.77764892578125,1.739501953125,1.83868408203125,1.83868408203125,1.861572265625,1.922607421875,1.89971923828125,1.83868408203125,1.82342529296875,1.9073486328125,2.0904541015625,1.739501953125,1.76239013671875,1.8768310546875,1.800537109375,1.93023681640625,1.85394287109375,1.68609619140625,1.80816650390625,1.83868408203125,1.82342529296875,1.739501953125,1.8310546875,1.85394287109375,1.8310546875,1.86920166015625,1.7242431640625,1.6937255859375,1.739501953125,1.9378662109375,1.64031982421875,1.6632080078125,1.74713134765625,1.983642578125,1.9073486328125,1.7852783203125,1.7852783203125,1.93023681640625,1.7242431640625,1.708984375,1.800537109375,1.8310546875,1.86920166015625,1.8310546875,1.9378662109375,1.88446044921875,1.74713134765625,1.89208984375,1.91497802734375,1.74713134765625,1.7852783203125,1.86920166015625,2.0599365234375,1.77001953125,1.70135498046875,1.80816650390625,1.77001953125,1.8157958984375,1.97601318359375,1.739501953125,1.6937255859375,1.64794921875,1.73187255859375,1.82342529296875,1.7852783203125,1.8157958984375,1.83868408203125,1.91497802734375,1.91497802734375,1.76239013671875,1.861572265625,1.70135498046875,1.77001953125,1.77764892578125,1.82342529296875,1.8310546875,1.739501953125,1.77001953125,1.97601318359375,1.9683837890625,1.7547607421875,1.82342529296875,1.83868408203125,1.800537109375,1.80816650390625,1.89971923828125,1.6632080078125,1.89208984375,1.85394287109375,1.85394287109375,1.83868408203125,1.93023681640625,2.00653076171875,1.93023681640625,1.7242431640625,1.73187255859375,1.9073486328125,1.73187255859375,1.9073486328125,1.8768310546875,1.74713134765625,1.708984375,1.77001953125,1.8463134765625,1.8157958984375,1.4190673828125,1.7242431640625,1.76239013671875,1.2969970703125,2.28118896484375,2.75421142578125,1.59454345703125,1.52587890625,1.5716552734375,2.471923828125,2.23541259765625,1.65557861328125,1.6021728515625,1.67083740234375,2.3040771484375,2.99835205078125,1.800537109375,1.861572265625,1.1138916015625,2.044677734375,1.41143798828125,3.57818603515625,2.54058837890625,3.997802734375,0.6256103515625,1.30462646484375,2.960205078125,2.22015380859375,1.1749267578125,2.41851806640625,2.49481201171875,1.97601318359375,1.76239013671875,1.77764892578125,2.13623046875,1.7547607421875,1.5716552734375,1.79290771484375,1.800537109375,1.739501953125,1.800537109375,2.044677734375,1.8310546875,1.85394287109375,1.82342529296875,1.9683837890625,1.91497802734375,1.83868408203125,1.739501953125,1.74713134765625,1.83868408203125,1.88446044921875,1.73187255859375,1.89208984375,1.9073486328125,1.94549560546875,1.739501953125,1.73187255859375,1.96075439453125,1.85394287109375,1.86920166015625,2.13623046875,1.62506103515625,2.0294189453125,1.45721435546875,1.77001953125,1.68609619140625,1.74713134765625,2.0599365234375,1.8768310546875,2.02178955078125,1.80816650390625,1.8768310546875,1.83868408203125,1.861572265625,1.9073486328125,1.27410888671875,2.0904541015625,2.83050537109375,2.166748046875,4.47845458984375,3.92913818359375,1.28173828125,1.1749267578125,0.67138671875,5.01251220703125,1.50299072265625,1.2054443359375,3.36456298828125,1.8157958984375,2.49481201171875,0.640869140625,0.34332275390625,1.5869140625,4.21905517578125,0.46539306640625,1.9073486328125,1.9378662109375,2.86865234375,1.7852783203125,3.0059814453125,1.70135498046875,2.0599365234375,1.21307373046875,1.9378662109375,2.49481201171875,2.1514892578125,1.9378662109375,1.8310546875,2.23541259765625,1.86920166015625,1.9683837890625,1.86920166015625,1.65557861328125,2.00653076171875,2.29644775390625,1.7242431640625,1.953125,1.89208984375,1.45721435546875,1.80816650390625,2.44140625,1.86920166015625,2.0751953125,1.3275146484375,2.197265625,1.64794921875,1.83868408203125,2.37274169921875,2.09808349609375,1.56402587890625,1.9989013671875,2.34222412109375,2.32696533203125,2.92205810546875,1.76239013671875,1.82342529296875,0.84686279296875,0.9307861328125,2.3651123046875,2.6397705078125,3.15093994140625,1.85394287109375,1.33514404296875,0.79345703125,1.99127197265625,2.63214111328125,1.28173828125,2.44903564453125,1.99127197265625,1.41143798828125,0.7171630859375,1.76239013671875,2.25830078125,1.861572265625,2.4871826171875,2.0751953125,1.88446044921875,1.51824951171875,1.77764892578125,1.434326171875,1.953125,1.4190673828125,1.8310546875,1.8463134765625,2.06756591796875,1.9683837890625,1.77764892578125,1.708984375,1.68609619140625,1.800537109375,1.39617919921875,1.79290771484375,1.6021728515625,1.91497802734375,1.35040283203125,2.17437744140625,1.77001953125,1.983642578125,1.65557861328125,1.9378662109375,1.739501953125,1.9683837890625,1.7547607421875,2.11334228515625,1.67083740234375,1.65557861328125,1.82342529296875,1.57928466796875,1.7547607421875,1.8463134765625,1.861572265625,1.53350830078125,1.8768310546875,1.678466796875,2.05230712890625,1.70135498046875,2.0751953125,1.76239013671875,1.89971923828125,1.8157958984375,1.8157958984375,1.953125,1.76239013671875,1.88446044921875,1.93023681640625,1.7852783203125,1.79290771484375,1.80816650390625,1.91497802734375,2.00653076171875,1.8157958984375,1.7547607421875,1.8463134765625,1.88446044921875,1.708984375,1.8157958984375,1.86920166015625,1.79290771484375,1.88446044921875,1.7242431640625,1.8157958984375,1.76239013671875,1.861572265625,1.80816650390625,1.68609619140625,1.96075439453125,1.88446044921875,1.86920166015625,1.7852783203125,1.9683837890625,1.800537109375,1.708984375,1.7242431640625,1.86920166015625,1.9683837890625,1.9073486328125,1.65557861328125,1.7242431640625,1.7852783203125,1.922607421875,1.86920166015625,1.8157958984375,1.861572265625,1.83868408203125,1.82342529296875,1.953125,1.91497802734375,1.7242431640625,1.77764892578125,1.88446044921875,1.77001953125,1.94549560546875,1.800537109375,1.93023681640625,1.77764892578125,1.8157958984375,1.983642578125,1.7852783203125,1.77001953125,1.71661376953125,1.86920166015625,1.9073486328125,2.02178955078125,1.85394287109375,1.80816650390625,1.8768310546875,1.8310546875,1.82342529296875,1.7547607421875,1.922607421875,1.8463134765625,1.83868408203125,1.77001953125,1.68609619140625,1.8463134765625,1.7242431640625,1.7242431640625,1.7242431640625,1.88446044921875,1.88446044921875,1.800537109375,1.922607421875,1.70135498046875,1.861572265625,1.8157958984375,1.861572265625,1.74713134765625,1.85394287109375,1.89971923828125,1.86920166015625,1.85394287109375,1.9073486328125,1.708984375,1.89208984375,1.83868408203125,1.6937255859375,1.7547607421875,1.708984375,1.77001953125,1.8310546875,1.76239013671875,1.74713134765625,1.7242431640625,1.83868408203125,1.8157958984375,1.77001953125,1.77764892578125,1.82342529296875,1.64031982421875,1.82342529296875,1.88446044921875,1.800537109375,1.91497802734375,1.89971923828125,1.88446044921875,1.71661376953125,1.8310546875,1.7242431640625,1.88446044921875,1.64794921875,1.79290771484375,1.8768310546875,1.7242431640625,1.83868408203125,1.800537109375,1.77001953125,1.73187255859375,1.89208984375,1.89208984375,1.739501953125,1.73187255859375,1.80816650390625,1.83868408203125,1.861572265625,1.8463134765625,1.65557861328125,1.85394287109375,1.83868408203125,1.83868408203125,1.79290771484375,1.800537109375,1.8463134765625,1.85394287109375,1.67083740234375,1.88446044921875,1.861572265625,1.80816650390625,1.77764892578125,1.91497802734375,1.9073486328125,1.7852783203125,1.89208984375,1.922607421875,1.953125,1.7852783203125,1.79290771484375,1.79290771484375,1.74713134765625,1.7852783203125,1.9989013671875,1.91497802734375,1.88446044921875,1.86920166015625,1.89208984375,1.85394287109375,1.88446044921875,1.8768310546875,1.85394287109375,1.9073486328125,1.64031982421875,1.83868408203125,1.9683837890625,1.88446044921875,1.80816650390625,1.953125,1.861572265625,1.68609619140625,1.8768310546875,1.93023681640625,1.77764892578125,1.8157958984375,1.800537109375,1.7852783203125,1.77764892578125,1.77764892578125,1.73187255859375,1.89208984375,1.8157958984375,1.79290771484375,1.7242431640625,1.91497802734375,1.7852783203125,1.76239013671875,1.76239013671875,1.70135498046875,
gz,-0.1068115234375,-0.08392333984375,-0.244140625,-0.05340576171875,-0.11444091796875,-0.2593994140625,-0.091552734375,-0.14495849609375,-0.1220703125,-0.1220703125,-0.03814697265625,-0.2288818359375,-0.1220703125,-0.06103515625,-0.17547607421875,-0.16021728515625,-0.03814697265625,-0.0457763671875,-0.2288818359375,-0.19073486328125,-0.08392333984375,-0.03814697265625,-0.31280517578125,-0.06866455078125,-0.1983642578125,-0.1068115234375,-0.1983642578125,-0.11444091796875,-0.16021728515625,-0.0762939453125,-0.06103515625,-0.17547607421875,-0.16021728515625,-0.152587890625,-0.19073486328125,-0.091552734375,-0.213623046875,-0.06103515625,-0.23651123046875,-0.0457763671875,-0.1068115234375,-0.1220703125,0.00762939453125,-0.0762939453125,-0.1678466796875,-0.20599365234375,-0.25177001953125,-0.00762939453125,-0.08392333984375,-0.1373291015625,-0.22125244140625,-0.30517578125,-0.0762939453125,0.0,-0.20599365234375,0.030517578125,-0.1983642578125,-0.0762939453125,0.0,-0.0762939453125,-0.152587890625,-0.09918212890625,-0.19073486328125,-0.11444091796875,-0.26702880859375,-0.08392333984375,-0.22125244140625,-0.17547607421875,-0.274658203125,-0.34332275390625,-0.1220703125,-0.19073486328125,-0.08392333984375,-0.18310546875,-0.25177001953125,-0.14495849609375,-0.1983642578125,-0.05340576171875,-0.20599365234375,-0.18310546875,-0.1373291015625,-0.16021728515625,-0.12969970703125,-0.14495849609375,-0.1678466796875,-0.12969970703125,-0.1373291015625,-0.091552734375,-0.1678466796875,-0.17547607421875,-0.0457763671875,-0.152587890625,-0.23651123046875,-0.16021728515625,0.03814697265625,-0.1220703125,-0.1220703125,-0.06103515625,-0.1373291015625,-0.1678466796875,-0.0762939453125,-0.030517578125,-0.1068115234375,-0.1983642578125,-0.28228759765625,-0.08392333984375,-0.1678466796875,-0.16021728515625,-0.19073486328125,-0.12969970703125,-0.03814697265625,-0.152587890625,-0.16021728515625,-0.17547607421875,-0.08392333984375,-0.20599365234375,-0.1068115234375,-0.152587890625,-0.23651123046875,-0.17547607421875,-0.22125244140625,-0.08392333984375,-0.16021728515625,-0.2899169921875,-0.213623046875,-0.22125244140625,-0.06866455078125,-0.22125244140625,-0.1678466796875,-0.274658203125,-0.152587890625,-0.2288818359375,-0.22125244140625,-0.091552734375,-0.0762939453125,-0.2593994140625,-0.1373291015625,-0.14495849609375,-0.16021728515625,-0.14495849609375,-0.18310546875,-0.23651123046875,-0.274658203125,-0.2593994140625,-0.11444091796875,-0.22125244140625,-0.091552734375,-0.1373291015625,-0.09918212890625,-0.02288818359375,-0.06866455078125,0.0762939453125,-0.06103515625,-0.1678466796875,-0.20599365234375,-0.244140625,-0.16021728515625,-0.12969970703125,-0.1068115234375,-0.152587890625,-0.22125244140625,-0.11444091796875,-0.03814697265625,-0.1220703125,-0.152587890625,-0.1068115234375,-0.1678466796875,-0.11444091796875,-0.244140625,-0.091552734375,-0.06866455078125,-0.213623046875,0.06103515625,-0.2593994140625,-0.05340576171875,-0.17547607421875,-0.32806396484375,-0.11444091796875,-0.34332275390625,-0.26702880859375,-0.152587890625,-0.0152587890625,-0.02288818359375,-0.1068115234375,-0.06103515625,-0.32806396484375,-0.11444091796875,-0.18310546875,-0.1983642578125,-0.152587890625,0.1220703125,0.06103515625,0.12969970703125,-0.0152587890625,0.3662109375,0.31280517578125,0.23651123046875,0.5035400390625,0.38909912109375,0.64849853515625,0.67138671875,0.69427490234375,0.79345703125,0.87738037109375,0.9307861328125,1.03759765625,0.9765625,1.10626220703125,0.99945068359375,1.068115234375,1.068115234375,1.02996826171875,1.1444091796875,1.35040283203125,1.41143798828125,1.4190673828125,1.56402587890625,1.74713134765625,1.800537109375,1.922607421875,1.89208984375,1.983642578125,2.03704833984375,2.06756591796875,2.3193359375,2.31170654296875,2.3040771484375,2.532958984375,2.5482177734375,2.60162353515625,2.58636474609375,2.72369384765625,2.61688232421875,2.73895263671875,2.74658203125,2.90679931640625,2.81524658203125,2.95257568359375,2.838134765625,2.75421142578125,2.87628173828125,2.84576416015625,2.99835205078125,2.84576416015625,2.7923583984375,2.716064453125,2.655029296875,2.777099609375,2.61688232421875,2.99835205078125,2.5634765625,2.4261474609375,2.3651123046875,2.72369384765625,2.410888671875,2.685546875,2.227783203125,2.86865234375,2.83050537109375,2.75421142578125,2.44903564453125,2.44140625,2.08282470703125,2.32696533203125,1.8463134765625,2.63214111328125,2.51007080078125,2.3345947265625,2.349853515625,2.52532958984375,2.28118896484375,2.2735595703125,2.5482177734375,2.38037109375,2.32696533203125,2.2735595703125,2.49481201171875,2.23541259765625,2.349853515625,2.2430419921875,2.2430419921875,2.4566650390625,2.105712890625,2.12860107421875,2.17437744140625,1.97601318359375,2.35748291015625,2.00653076171875,1.97601318359375,2.13623046875,2.166748046875,2.02178955078125,1.99127197265625,2.09808349609375,2.08282470703125,1.8463134765625,1.9073486328125,1.86920166015625,1.82342529296875,1.678466796875,1.65557861328125,1.7852783203125,1.64794921875,1.708984375,1.6632080078125,1.46484375,1.60980224609375,1.4495849609375,1.5106201171875,1.5411376953125,1.51824951171875,1.36566162109375,1.38092041015625,1.3275146484375,1.3885498046875,1.35040283203125,1.068115234375,0.99945068359375,1.0528564453125,1.02996826171875,1.0833740234375,1.1749267578125,1.04522705078125,0.7476806640625,0.63323974609375,0.74005126953125,0.6561279296875,0.52642822265625,0.70953369140625,0.3662109375,0.30517578125,0.30517578125,0.23651123046875,0.152587890625,0.28228759765625,0.2288818359375,0.00762939453125,0.03814697265625,0.14495849609375,0.11444091796875,0.0762939453125,0.06103515625,-0.1068115234375,0.0,-0.213623046875,-0.1373291015625,-0.0152587890625,-0.23651123046875,-0.1678466796875,-0.213623046875,-0.0152587890625,-0.0762939453125,-0.06866455078125,-0.12969970703125,-0.19073486328125,-0.29754638671875,-0.14495849609375,-0.1373291015625,-0.1983642578125,-0.11444091796875,-0.11444091796875,-0.22125244140625,-0.06103515625,-0.3204345703125,-0.20599365234375,-0.244140625,-0.213623046875,-0.2288818359375,-0.2593994140625,-0.16021728515625,-0.091552734375,-0.19073486328125,-0.06866455078125,-0.30517578125,-0.19073486328125,-0.03814697265625,-0.20599365234375,-0.12969970703125,-0.19073486328125,-0.17547607421875,-0.28228759765625,0.030517578125,-0.18310546875,-0.0152587890625,-0.25177001953125,-0.19073486328125,-0.152587890625,-0.20599365234375,-0.06103515625,-0.05340576171875,-0.1678466796875,-0.20599365234375,-0.14495849609375,0.00762939453125,-0.05340576171875,-0.152587890625,-0.14495849609375,-0.18310546875,-0.2899169921875,-0.14495849609375,-0.06103515625,-0.213623046875,-0.2288818359375,-0.17547607421875,-0.0762939453125,-0.06103515625,-0.1220703125,-0.1220703125,-0.09918212890625,-0.14495849609375,-0.17547607421875,-0.1678466796875,-0.244140625,0.030517578125,-0.1068115234375,-0.03814697265625,-0.091552734375,-0.12969970703125,-0.091552734375,-0.09918212890625,-0.091552734375,-0.2288818359375,-0.14495849609375,-0.0762939453125,-0.08392333984375,-0.03814697265625,-0.1983642578125,-0.1220703125,-0.05340576171875,-0.19073486328125,-0.1373291015625,-0.152587890625,-0.1373291015625,-0.2288818359375,-0.152587890625,-0.1220703125,-0.2593994140625,-0.02288818359375,-0.17547607421875,-0.152587890625,-0.09918212890625,-0.2288818359375,-0.030517578125,-0.02288818359375,-0.274658203125,-0.20599365234375,-0.09918212890625,-0.0762939453125,-0.18310546875,-0.08392333984375,-0.00762939453125,0.05340576171875,-0.0457763671875,-0.18310546875,-0.06103515625,-0.25177001953125,-0.14495849609375,-0.20599365234375,-0.2593994140625,-0.19073486328125,-0.30517578125,0.0,-0.1220703125,-0.17547607421875,-0.20599365234375,-0.25177001953125,-0.20599365234375,-0.11444091796875,-0.29754638671875,-0.1983642578125,-0.25177001953125,-0.03814697265625,-0.2593994140625,-0.16021728515625,-0.18310546875,-0.030517578125,-0.19073486328125,-0.23651123046875,-0.152587890625,-0.213623046875,-0.16021728515625,-0.19073486328125,-0.00762939453125,-0.17547607421875,-0.06103515625,-0.14495849609375,-0.16021728515625,-0.20599365234375,-0.06103515625,-0.1373291015625,-0.091552734375,-0.152587890625,-0.2593994140625,-0.06103515625,-0.19073486328125,-0.09918212890625,-0.152587890625,-0.274658203125,-0.0762939453125,-0.08392333984375,-0.17547607421875,-0.152587890625,-0.25177001953125,-0.0457763671875,-0.1678466796875,-0.17547607421875,-0.152587890625,-0.1220703125,-0.05340576171875,-0.152587890625,-0.1220703125,-0.1220703125,0.030517578125,-0.1983642578125,-0.06103515625,-0.14495849609375,-0.2593994140625,-0.08392333984375,-0.152587890625,-0.11444091796875,-0.0762939453125,-0.213623046875,-0.23651123046875,-0.11444091796875,-0.08392333984375,-0.1220703125,-0.12969970703125,-0.152587890625,0.00762939453125,-0.14495849609375,-0.1678466796875,-0.03814697265625,-0.06866455078125,-0.25177001953125,0.0,-0.152587890625,-0.16021728515625,-0.152587890625,-0.1220703125,-0.14495849609375,-0.17547607421875,-0.1373291015625,-0.213623046875,-0.05340576171875,0.00762939453125,-0.20599365234375,-0.274658203125,-0.1068115234375,-0.274658203125,-0.19073486328125,-0.08392333984375,-0.11444091796875,-0.091552734375,-0.12969970703125,-0.06103515625,-0.16021728515625,-0.00762939453125,-0.26702880859375,-0.03814697265625,-0.1068115234375,-0.12969970703125,-0.11444091796875,-0.12969970703125,-0.18310546875,-0.1068115234375,0.03814697265625,
